중앙,그랜드빌딩,중구 흥인동 105,,AAN3-11,J10086,,,,
중앙,현대해상,중구 명동2가 92-3,,AETMT18-40,J01013,점검 - 2명,,,
중앙,문화일보,중구 충정로1가 68,,수직순환식:AMBLT-50,J00059,점검 - 마지막 주 금요일,,,
중앙,문화일보,중구 충정로1가 68,,다층1호기:AAN2-20,,,,,
중앙,문화일보,중구 충정로1가 68,,다층2호기:AAN2-24,,,,,
중앙,평광빌딩,중구 충무로5가 19-19,,AAN3-9,J01251,명성,,,
중앙,신한은행,중구 삼각동 117,,ACT5-98,M13785,태창/엔텍,,,
중앙,트레블로지(엠버서더),중구 을지로5가 273-4,,AAN4-18,J10926,NT,,,엔텍
중앙,디자인빌딩(영원무역),중구 남산동2가 1-2,,AETMT-30*2,J10971J01/2,싸이먼,,,
중앙,영우 밀레니엄,중구 회현동 1가 165-3,,AETLT-8,J10758,싸이먼,,,
중앙,위너빌,중구 황학동 1200,,AAN4-26,J11290,미래/아이티에스,,,
중앙,다배로오피스텔,중구 황학동 970,,AEBLT18-32, J11737,,,,
중앙,청계아델리아2오피스텔,중구 황학동 1073,,AEBLT18-68/ACT3-33,J12004,4월31일 만료,,,
중앙,아르보,중구 신당동 160-4,,ACT3-30/ACT3-36,J10644, ,,,
중앙,동양섬유(구-아산나눔재단),중구 신당동 421-5,,AAND4-14,J11234,미래/엔텍/서브내부출고턴,,,
중앙,엘바움오피스텔,중구 신당동 251-73,,AEBLT18-28,J11732,,,,
중앙,남산 센트럴시티투웨니퍼스트,중구 오장동 148-16,,AEBMT18-50*2,J11879,,,,
중앙,빌리브아카이브 남산,중구 충무로3,,AETLT18-60,J11941,,,,
중앙,와인나라,중구 묵정동 31-4(중구 퇴계로46길 23),,AAN4-26,롯데(태성),,자사,,엔텍
중앙,참그루 빌딩,중구 필동2가 76-4,,AAN2-10,,,자사,태성,엔텍
중앙,남산 더 힐,중구 신당동 420-23,,AANC2-10,J10791/2,NT,자사,,
중앙,테인트리즈,중구 황학동 1087,,AAN6-26,J11488,터치비번8309,자사,,
중앙,모닝 스카이호텔,중구 오장동 90-24,,ACTT3-24,,,자사,,
중앙,오렌지카운티 을지로,중구 오장동 145-1,,AEBLT-38/AEBMT-60,J11595J01/J02,미래,자사,,
중앙,우성빌딩,성동구 청계천로 458,,,,,자사,,
중구,시은빌딩,성동구 독서당로 300,,,,,,,
중구,에벤에설220,성동구 독서당로 198,,AEBLT18-22,J11746,,,,
중앙,동덕여대 (FM),종로구 동숭동 1-6,,ACT2-14,M11665/ J00451,,,,
중앙,예술극장 (FM),종로구 동숭동 1-67,,ACTT4-64,J01041,명성,,,
중앙,용문빌딩,종로구 원남동 150-2,,AAN2-22,J00073/ M10737,,,,
중앙,원남동 휴스톤C동,종로구 원남동66-6/60/67,,AAN5-22,J11850,,,,
중앙,이화빌딩,종로구 이화동 57,,AAN2-22,1983,,,,
중앙,자유빌딩,종로구 동숭동 1-45,,AMBM-24,J00544,,,,
중앙,정보빌딩,종로구 동숭동 1-81,,AAN2-12,J00934,,,,
중앙,임당빌딩,종로구 사직동 262-83,,AAN2-11,J00723,,,,
중앙,이화에수풀,종로구 연건동 195-10,,ACT4-40,M12472,NT,,,
중앙,현대 E/L 사옥,종로구 동숭동 1-81(정보빌딩 앞),,AAN,M10429,,,,
중앙,94빌딩,종로구 공평동 139(삼봉로 94),,ACTT3-36,J10977,NT,,,
중앙,청계한국빌딩 (청계11),종로구 서린동 149(청계천로11),,1호기:AETLT-18,,한쪽으로 격납,,현준,남부
중앙,청계한국빌딩 (청계11),종로구 서린동 149(청계천로11),,2호기:AETLT09-38,,본사 리모텔링,,,엔텍
중앙,동일 빌딩,종로구 수송동5번지(안국동사거리),,AEBMT09-22,M14947,전층RV/태성/엔텍,,,
중앙,BS타워,종로구 효제동 193-1,,ACT4-36.AANCT4-18,J11434,,,,
중앙,한성아펠시티오피스텔,종로구 숭인동 1368,,AEBLT18-76, J11808,,,,
중앙,내일신문,종로구 새문안로3길3,,,,,,,
중앙,재능교육,종로구 혜화동 22-65,,ACTT3-33,J10509,점검 - 2주 / 4주 목요일,자사,,
중앙,IBC 호텔,종로구 숭인동 1396,,ACT8-188,J10786,점검 - 2번째 주 수요일,자사,,
중앙,아르젠,종로구 연지동 169,,AETLT18-36,,,자사,태성,
중앙,영하우스(구.베니키아),종로구 숭인동 207-32,,AEBLT18-,4207,,자사,,
중앙,디세븐스위츠,종로구 숭인동 313-12,,,,,아이티에스,롯데,
중앙,파리크라상 (FM),용산구 이태원로 268-9,,AANCT2-18,J10619,점검 - 마지막 주 월요일,,,
중앙,골든빌,용산구 한남동 653-6,,AAN2-9,J10475,,,,
중앙,현대카드(한남),용산구 한남동 683-137,,ACTT3-30,J10528,점검 - 2명 / 마지막 주 월,,,
중앙,사운즈 한남,용산구 한남동 657-36,,ACTT2-33*2,J11194,BMW7시리즈/RV수용형,,,
중앙,DK 밸리뷰 한남,용산구 한남동 113-2,,AETLT18-34.AANCT3-26, J11735J01.J02,미래,,,
중앙,파운드리,용산구 한남동 737-24,,ACTT3-30, J11789,분리,,,
중앙,동빙고동 빌딩,용산구 동빙고동 309-4,,AEBLT18-8, J11794,포크(태성),,,
중앙,리버클레식,용산구 한남동 31-10,,AANT2-16,J10984,,자사,,
강북A,보광빌딩(유암),강북구 수유동 48-7,,AETLT-24,M09267,E-650,,,
강북A,한마음,강북구 미아동 73-9,,AETNT18-32/24,J10916,E-650/ 보드타입,,,
강북A,제이슨,강북구 미아동 125-28,,AANT2-14,J10058,,,,
강북A,용신빌딩,강북구 수유동 230-10,,AETLT18-60, J11897,RV-20,,,
강북A,제이베이관호텔(수유호텔),강북구 수유동 174-32,,AEBLT18-20, J11943,전층 RV,,,
강북A,수유역 투웨니퍼스트,강북구 번동449-20,,AEBLT18-70, J11930,2월4일만료,,,
강북A,수성타워,강북구 수유동 229-15,,AEBM-65,J00706,E-600,자사,,
강북A,강북으뜸병원(태근),강북구 미아동 304-3,,AANC2T09-16,J00971,대기,자사,,
강북A,양덕 빌딩,강북구 번동449-4,,AAN3-14,태성설치,박인식 관리소장 010-3240-7567,자사,,
강북A,그린타워A동,강북구 수유동 45-63,,AETLT-24,동양기전,,자사,,탑텍
강북A,노블레스,성북구 종암동 3-91,,AETLT18-38,J01048,E-650,,,
강북A,라움 하우스,성북구 종암동 3-1123,,AETLT18-20,J11158,보드 RV10대호출형,,,
강북A,H.K 팰리스,성북구 하월곡동90-1261,,AETLT18-24,J11178,보드 ,,,
강북A,보문 엘타워,성북구 보문동 7가 100,,AEBMT-24,J11520,코어시스코/RV4대호출형보드,,,
강북A,휴림빌딩,성북구 동선동 4가 127,,AANT3-12,타사,,자사,,
강북A,통광빌딩,성북구 보문동 4가 18,,AEBLT-24,J10245,E-650,자사,,
강북A,메트로미가(대현OT),성북구 동소문동 4가 118,,ACT5-40,J11393,외부턴이블/,자사,,
강북A,연세사랑병원,노원구 공릉동 617-4,,AETLT18-30,J10830,E-650/ 싸이먼,,,
강북A,태능성심장례식장,노원구 공릉1동 683-22,,AEBLT-30,J11205,보드 /승용전용,,,
강북A,공릉동 대상빌딩,노원구 공릉동 408-6,,AETLT18-28,J11305,보드/자동인식,,,
강북A,마블러스1/2,노원구 상계동 341-7,,AEBLT-28/AEBLT-22,,,자사,,
강북A,중계 스카이타워,노원구 중계동 366-9,,ACTT3-35,태성설치,,자사,,
강북A,디와이홀딩스,서울 노원구 동일로 1419,,AEBLT09-30,,관리자비번-3661,아이티에스,,
강북A,SK브로드밴드 사옥,노원구 상계동 731-4,,단순체인2단,,2회/김재상 010-3458-7890,태성,,
강북A,창동투웨니퍼스트,도봉구 창동 630-5,,AETLT- 38,J11053,보드타입,,,
강북A,한국빌딩,도봉구 창동 9,,AETMT-46,M15979,혼합형,,,
강북A,두승빌딩,도봉구 창동 12-3,,AEBMT09-42,M16243,,,,
강북A,정일 프라자,도봉구 창동 9-2,,AANCT3-35,M17834,태성,,,
강북A,바로 선병원,도봉구 창동 749-9,,AEBMT18-38, J11969,전층RV 2023년1월 유상,,,
강북A,네네빌딩,도봉구 창동 16-1,,AETL-39,M12500,엔텍/슬라이드방식,자사,,
강북A,우리들메디,도봉구 방학 1동 703-17,,AETMT18-34,J10131,E-650,자사,,
강북A,월송빌딩,도봉구 방학동 696,,APZ-24,,,자사,,
강북A,무궁화 빌딩,도봉구 도봉동 626-92,,,,,아이티에스,,
강북A,새누리빌딩,의정부시 호원동 327-12,,AETLT18-19,J10862,E-650/ 싸이먼,,,
강북A,레몬트리,의정부시 의정부동 497-11,,AANT3-20,J11301,전기-엔텍,,,
삼우파킹,의정부가우디캐슬,의정부시 의정부동 210-13,,AEBMT-50 보드,J11519,사용자 비번-4207,,,
삼우파킹,부림스카이타워,의정부시 가능동 59-4,,AEBMT-56,J11349,,,,
삼우파킹,나이키빌,의정부시 의정부동 131-23,,AEBMT18-60,J11872,11월24일 만료,,,
삼우파킹,펠리체,의정부시 의정부동 206-5,,AEBMT-22,J10681,외주/ NT,자사,,
삼우파킹,동인빌딩,의정부시 호원동 463-26,,AETLT-24,,타사 리모델링,자사,,
삼우파킹,CRC빌딩,의정부시 의정부동 501-1,,AETMT-54,,타사 리모델링,자사,,
삼우파킹,궁전 오피스텔,의정부시 의정부동 21-1,,AETLT-40,,,자사,메닉스,
삼우파킹,스마트트라움,의정부시 의정부동 220-59,,AETLT-66,,,자사,메닉스,탑텍
삼우파킹,온마루 오피스텔,의정부시 의정부동 122-15,,AEBLT18-24,,김천식부장 01063559475,자사,태성,
삼우파킹,양주이레하이니스,양주시덕계동420-3,,ACT2-72,,,자사,오텍,
강북B,광명빌딩 (FM),성동구 성수동2가 311-37,,AETLT18-64,J10638,외주/ NT,,,
강북B,도요타안호모터스(FM),성동구 성수동2가280-55,,ACTT4-48,J11307,,,,
강북B,KTP,성동구 성수동 1가 14-30,,AEBLT09-20,J01037,외주/ NT,,,
강북B,도하빌딩(에스티안건설),성동구 성수동 1가 656-24,,AAN4-18,J11652,분리,,,
강북B,MG빌딩,성동구 성수동2가 315-4,,AETMT18-34,J10100,E-650,,,
강북B,렉서스,성동구 성수동2가 299-239,,AAD2-20,J00824,,,,
강북B,정암 빌딩,성동구 성수동2가299-1,,ACTT3-42, J11716,분리,,,
강북B,효정빌딩,성동구 성수동2가 289-21,,AETLT18-38,J01235,E-650,,,
강북B,성동기아,성동구 성수동 2가 279-29,,ACTT2-48,J10607,,,,
강북B,서원피앤씨사옥,성동구 성수동2가 273-8,,AEBLT18-14,J11671,,,,
강북B,K-TOWER,성동구 도선동 21-1,,ACT5-25,J01169,,,,
강북B,한성아크로타워(아펠) ,성동구 도선동 53,,AETLT-80,J10953,싸이먼,,,
강북B,와이하우스(요진건설),성동구 도선동 2번지,,AETLT18-64,J11952,,,,
강북B,힐스 타운,성동구 옥수동 563,,AETLT09-24,J11373,싸이먼,,,
중앙,에벤에셀516타워,성동구 옥수동 265-1,,AEBLT18-24, J11758,12월유상/10월28일 만료,,,
강북B,오복타워,성동구 성수동2가271-5,,AEBLT18-22, J11945,보드/ 9월6일 만료,,,
강북B,대륭빌딩(크래프톤),성동구 성수동2가 276-2,,AETLT18-34,J10924,싸이먼,,,
강북B,백영빌딩(무신사캠퍼스),성동구 성수동 2가 277-47,,ACTT2-18/ACTT2-56,J11902J1/J2,경인,,,
강북B,아이템플,성동구 성수동2가 273-19,,AAN4-26,,타사설치/아이티에스,자사,,
강북B,삼화빌딩,성동구 성수동2가 320-4,,AEBMT-30,J10351,외주/NT,자사,,
강북B,동일빌딩,성동구 성수동 1가 25-2,,AAN3-14,J10577,,,,
강북B,평화빌딩,성동구 성수동2가 277-20,,AEBLT-40,,타사 리모델링/ NT,자사,,
강북B,뉴센트빌7차,성동구 홍익동 125-1,,AANT3-17,태성 ENG설치,,자사,,
강북B,뉴센트빌9차,성동구 홍익동 144,,ACT3-11,태성 ENG설치,원카트/2020년12월27일 사용개시,자사-에이스,,
강북B,뉴센트빌10차,성동구 하왕십리동890-84,,ACTT2-7,태성 ENG설치,지하비번5228*,자사-에이스,,
강북B,청계천 우성타워,성동구 하왕십리동 291-8,,AETLT-40,,,자사,,
강북B,새촌브릭스,성동구 성수동1가 656-568,,APZ-4,유압식,,엘파킹,,
강북B,Y-TOWER (FM),광진구 자양동 769-19,,AETLT18-38,J00912,E-650,,,
강북B,송림식당,광진구 자양동 227-136,,AMBL-34,M14819,,,,
강북B,더 퍼스트 스테이,광진구 자양동 680-9,,AETLT-22,J11535,RV자동인식,,,
강북B,동서빌딩,광진구 구의동 236-48,,AAN2-12,J10207,,,,
강북B,테라팰리스건대3차,광진구 구의동246-1,,AEBLT18-48, J11757,,,,
강북B,명크리닉,광진구 중곡동 116-5,,AANT3-9,J10053,,,,
강북B,조이킴,광진구 중곡동 166-4,,AAN3-23,J01018,,,,
강북B,동아 빌딩,광진구 중곡동 161-24,,AETLT09-20,M15410,,,,
강북B,삼원특수지( G 타워),광진구 중곡동 649-4,,ACTT4-48/ACT4-52,J11701,,,,
강북B,아스하임3차,광진구 화양동17-16,,AETMT18-56,GYG제작,,자사,,
강북B,아스하임4차,광진구 화양동 111-102,,AETLT18-60*2,J11293J1/J2,싸이먼,자사,,
강북B,아스하임,광진구 중곡동157-6,,AEBMT18-52,동양기전설치,탑텍,자사,,
강북B,롯데홈타워빌,광진구 구의동 251-16,,AANT3-17,동양기전설치,유리문비번2486,자사-에이스,,
강북B,삼광빌딩,광진구 중곡동 252-10,,AAN -13,아이티에스계약,아이티에스전기수리,아이티에스,,
강북B,몰로브케이,광진구 아차산로30길26,,ACTT51*2,아이티에스계약,롯데기공제작,아이티에스,,
강북C,시그니처호텔 ,동대문구 장안동 372-14,,,J00715,E-600,자사,,
강북C,진성(아마넥스),휘경동 317-9 ,,ACT6-42,J10295,,자사,,
강북C,상미타워,동대문구 장안동 369-3,,AETLT-40,J10279,외주/ NT,자사,,
강북C,워터피아,동대문구 장안동 384-6,,AETMT09-42,J00765,E-600,자사,,
강북C,현대벤처빌,동대문구 장안동 374-1,,AETLT18-48,J00580,E-600,자사,,
강북C,청계리버리치,동대문구 용두동 255-58,,AETLT-60/ACT-44,삼중/태창,,자사,,
강북C,에이플러스,동대문구 용두동 40-35,,AANT3-23,J10196,,자사,,
강북C,태솔아파트2차,동대문구 장안동 346-2,,AAD4-38,J11020,,자사,,
강북C,청명에버아트1/2차,동대문구 장안동 382-3,,AAN3-16*2,,GYG(경인)/엔텍,자사,,
강북C,청명에버아트3차,동대문구 장안동 372-8,,AEBLT-56,,GYG(경인)/엔텍,자사,,
강북C,진영 빌딩,동대문구 장안동 428-2,,AMBL,대우기전, 미사용 (점검),자사,,
강북C,진흥빌딩,동대문구 신설동 104-8,,AAND-2-18,,,자사,,
강북C,이문 스카이뷰,동대문구 이문동291-35,,ACT4-38,J11551,모아주택,자사,,
강북C,하늘병원,동대문구 천호대로 317,,ACTT-66,,,자사,메닉스,자사
강북C,뉴시티,동대문구 장안동 372-5,,ACTT2-21,J10297,,,,
강북C,태솔타운 2/3차,동대문구 장안동 367-4,,AAND5-23,J10659,,,,
강북C,태솔에버빌 2/3차,동대문구 장안동 383-10,,AAND4-34,J10738,,,,
강북C,청량리BYC,동대문구 용두동 10-12,,ACT3-45,J10596,,,,
강북C,양지아파트,동대문구 장안동 415-1,,AANT3-23,J10965,,,,
강북C,진환빌딩,동대문구 장안동 418-7,,AETMT09-20,J11023,E-650/ 보드타입,,,
강북C,가우디 트윈캐슬1/2,동대문구 장안동 374-8/374-9,,AANCT3-29,J11031/J10962,벤처빌 옆,,,
강북C,더하이파크,동대문구 장안동307-2,,AELT-24,J11262,,,,
강북C,J빌딩,동대문구 장안동 307-1,,AANT4-26,J11190,,,,
강북C,한양빌딩,동대문구 장안동 307-6,,AETLT-30,J11353,보드,,,
강북C,용두동가우디캐슬,동대문구 용두동 104-34,,ACT-50,J11445,,,,
강북C,장안동 가우디캐슬,동대문구 장안동 364-5,,AEBMT-54,J11688,,,,
강북C,장안 위산일리온시티,동대문구 장안동364-6,,AEBMT09-46,J11863,관리사-위드,,,
강북C,웰튼파크뷰2,동대문구 장안동 337-14,,ACTT3-F38(복렬),J11567,미래/ (로프 컷팅1회),,,
강북C,청량리역리버리치2차,동대문구 전농동 620-4,,AEBLT18-70,J11840,,,,
강북C,성원빌딩,동대문구 이문동 288-87,,AANCT4-26,J11448,운휴 계약(2022년),,,
강북C,더시즌 오피스텔,동대문구 장안동 337-9,,,,,엘파킹,롯데,탭텍
강북C,극장빌딩,중랑구 면목동 617-2,,AEBLT-56,J10624,싸이먼,자사,,
강북C,대원빌딩,중랑구 면목1동 129-12,,AAN3-23,,동양기전 리모델링,자사,,
강북C,원동빌딩,중랑구 망우동 470-18,,AETLT-28,,E-650,자사,,
강북C,그랜드캐슬,중랑구 상봉동 127-17,,AANT2-14,,동원산전,자사,,
강북C,상봉 스카이타워,중랑구 상봉동 105-41,,AMBLT-15,타사 점검 현장,대우주차,자사,,
강북C,드림팰리스오피스텔,중랑구 상봉동 101-34,,AEBMT-34,삼중테크,10대사용,자사,,
강북C,대길메디컬,중랑구 면목동 636,,AANT4-23,M15605,경인,자사,,
강북C,대림빌딩,중랑구 상봉2동 130-2,,AETMT18-26,J01047,E-650/본주소-상봉동 130-5,,,
강북C,청운명가오피스텔,중랑구 상봉동 87-28,,AEBLT09-18,J11648,,,,
강북C,대우오피스텔,중랑구 면목동 72-36,,AETLT-36,J10087,E-650,,,
강북C,스카이 시티,중랑구 면목동 1110-13,,AAN2-10,J11160,미래/ 엔텍,,,
강북C,면목 이안애,중랑구 면목동 56-2,,AEBLT-18,J11446,보드,,,
강북C,용마새마을금고,중랑구 면목동 633-5,,AEBLT-18,J11403,보드,,,
강북C,더샤이닝,중랑구 중화동208-16,,AETMT-38*2,J11523J1/J2,RV호출형,,,
강북C,대명프라자,중랑구 신내동 502-5,,ACT3-57,M17453,파프리카/태성,,태성,
강북C,대길 빌딩,중랑구 묵동 176-15,,AETLT09-32,J11618,,,,
강북C,보경 타워,중랑구 망우동 490-19,,AEBLT18-26, J11762,보드,,,
강서A,금강빌딩,관악구 봉천동 463-3,,AETMT18-30,J00967,E-650,,,
강서A,이너스,관악구 봉천8동 945-10,,AETLT18-18,J00975,E-650,,,
강서A,서원빌딩,관악구 봉천동 912-18/27,,AETLT-38,J01109,E-650,,,
강서A,호혜빌딩,관악구 봉천10동 874-6,,AETLT09-26,J00617,E-600,,,
강서A,성경오피스텔,관악구 봉천4동 866-5,,AAN4T-30,J01090,,,,
강서A,서호빌딩,관악구 봉천동 852-2,,AEBMT09-28,J10060,리모델링/ NT,,,
강서A,캐슬 오피스텔,관악구 봉천동 61-1,,AEBMT18-28, J11817,,,,
강서A,SH타워(센트하임),관악구 봉천동 40-27,,AEBLT09-20, J11875,,,,
강서A,더 헤르미온 오피스텔,관악구 봉천동 1666-51,,AEBLT18-42*2,J11744J1/J2,파프리카/TT 장치 외부업체,,,
강서A,금동사랑빌 오피스텔,관악구 봉천동 1660-12,,AEBMT18-20,J12001,,,,
강서A,CJ 오피스텔,관악구 봉천동881-26,,AETLT09-32,J11155,보드타입/RV12대호출형,,,
강서A,리치타워,관악구 봉천동1598-7,,AEBLT18-40,J11264,보드,,,
강서A,제이네스트오피스텔,관악구 봉천동 863-5,,AETMT18-36,J11233,보드,,,
강서A,신화골든타워,관악구 봉천동 1564-3,,AAN4-18,J11524,,,,
강서A,명문타워,관악구 봉천동 895-2,,AEBMT18-28, J11923,,,,
강서A,마이홈타운,관악구 봉천동 896-36,,AEBLT-32,J11656,보드/RV호출형,,,
강서A,서궁 빌딩,관악구 봉천동 898-3,,AEBMT18-16, J11867,,,,
강서A,바달비,관악구 신림동 1427-15,,AETLT18-20 x2,J01212,E-650,,,
강서A,어거스트타워,관악구 신림동 1427-15,,AEBMT18-20, J11838,,,,
강서A,윤성 타워,관악구 신림동 1423-10,,AANCT4-22,J11646,외주/ NT,,,
강서A,더하우스,관악구 신림동 1423-9,,AANT3-14,J11682,분리,,,
강서A,진성빌딩,관악구 신림동 527-2,,AETLT18-18,J10079,외주/ NT,,,
강서A,우리정형외과(성안빌딩),관악구 신림동1475-4,,AANT2-18,J10898,,,,
강서A,신림 빌딩,관악구 신림동 1458-3,,AANT3-17,J11317,,,,
강서A,제이씨스튜디오,관악구 신림동 1432-101,,AANT3-18,J11370,코어시스코,,,
강서A,예림빌딩,관악구 신림동1433-34,,AETLT18-16, J11833,보드,,,
강서A,씨앤에이레지던스,관악구 신림동 1433-19,,AETLT18-34,J10927,10 대 사용 계약,,,
강서A,프리미어오피스텔,관악구 신림동 1432-54,,AANCT4-19,J11641,,,,
강서A,HK빌리지,관악구 신림동 1425-6,,AANT4-22,J11369,미사용/점검,,,
강서A,아데나38,관악구 신림동 1432-38,,ACTT7-42,J11951,4월1일 유상개시,,태창,
강서A,케이에스 타워,관악구 은천동912-1,,AAN4-26,J11079,RV타입,,,
강서A,미성오피스텔,관악구 미성동 1568-4,,AETLT-24,J10195,E-650,,,
강서A,테라스시티,관악구 미성동 1475-26,,APZ2-5 x2,J10382,복렬형,,,
강서A,센텀,관악구 남현동 1062-22,,AANCT2-14,J10339,,,,
강서A,태영오피스텔,동작구 노량진동 56-11,,AETLT18-36,J10683,보드타입,,,
강서A,이도빌딩(HS타워),동작구 노량진동 62-8,,ACTT4-30,J11263,태창,,,
강서A,더 본 병원,동작구 사당동 1008-17,,AAN2-6,M11835,,,,
강서A,헤라피스,동작구 사당동 1007-4,,AETMT18-28,J00968,E-650,,,
강서A,도시가스남부지지사,동작구 상도동 31-13,,ACTT3-26,M15801,,,,
강서A,와이엠 타워,동작구 사당동 1008-20,,AANT4-10,J11444,,,,
강서A,동서남북,동작구 상도동 365-2,,AETLT09-30,J01025,장승백이역근처,자사,,
강서A,대방팰리스,동작구 대방동 20-7,,AANT3-11,J11106,,자사,,
강서A,장성빌딩(장성교회),동작구 장승배기로113,,1.2호기AETLT18-50*2,,수동조작-우측하단모서리터치후 비번-1/2.4호기000000 3호기690730,자사,,
강서A,더블유에스타워(WS타워),관악구 봉천동 463-1,,AETLT-60,J10461, 싸이먼,자사[FM],,
강서A,에덴오피스텔,관악구 봉천7동 1661-4,,AETM-48,J00324,E/L 100타입,자사,,
강서A,센트럴포인트,관악구 봉천동 893-27,,AETLT18-32,동양기전,,자사,,
강서A,위즈비엠3차,관악구 신림동 538-39,,AETLT18-36,동양기전,2021년10월29일,자사,,탑택
강서A,메리트엠타워,관악구 신림동 530-2,,AEBMT-22,동양기전,,자사,,
강서A,푸리마타운,관악구 신림동 1639-51,,AEBMT18-34,J10538,외주/ NT,자사,,
강서A,리베로OT 2차(ENK),관악구 신림동 1462-34,,APN3-9,팔마,지하1단미사용,ENK,팔마,
강서A,유성빌딩(태화트레이닝),관악구 신림동 522-3,,,,2023년3월 유상,ENK,,
강서AB,나인팰리스,금천구 시흥동 998-5,,AEBLT09-22,J10974,E-650/ 보드타입,,,
강서AB,대현오피스텔,금천구 시흥동 108-62,,AETMT09-36,J10780,E-650/ 보드타입,,,
강서AB,블라썸시티오피스텔,금천구 독산동 1003-19,,AEBLT-34,J11145,교환형/싸이먼,,,
강서AB,동남 빌딩,금천구 독산동 1001-5,,AEBLT-28,J11133,보드 ,,,
강서AB,로하스 타워,금천구 독산동 959,,AEBMT-24,J11316,사이드 도어,,,
강서AB,금풍 타워,금천구 독산동 151-12,,AETLT18-28,J11364,보드,,,
강서AB,스텔라이호텔,금천구 독산동 335-8,,AETLT09-28   -28,J11643,보드.전층RV,,,
강서AB,리벤하임써밋,금천구 독산동1031-14,,AETLT -18,J11663,,,,
강서AB,성화빌딩,금천구 독산동 300-2,,AETL-18,,타사 리모델링,자사,,
강서AB,미림A클레스,금천구 독산동 1006-3,,APZ-10,,,자사,,
강서AB,MJ산부인과,금천구 독산동 289-18,,AETLT09-30,J10647,외주/ NT,자사,,
강서AB,마인드호텔,금천구 가산동 141-1,,AETLT18-48,J00890,E-650  ,자사,,
강서AB,가산푸르지오,금천구 가산동 139-3,,ACTT4-88,J10434,,자사,,
강서AB,비즈트위트5차,금천구 가산동 140-36,,AETLT-68*2/ACTT-30,,태성/엔텍,자사,,
강서AB,백운빌딩,금천구 시흥동 935,,AETLT18-32,J00691,E-600,자사,,
강서AB,희명병원,금천구 시흥1동 882-25,,AETLT-44,,E-650,자사,,
강서AB,주호타워,구로구 구로동 1129-1,,AETLT18-32,J11021,보드타입,,,
강서AB,동해빌딩,구로구 구로동 808-34,,AEBLT-20,J11093,보드/전층RV,,,
강서AB,백제약품,구로구 구로5동 44,,AEBMT-28,M15298,동양기전,,,
강서AB,제이에스호스텔,구로구 가리봉동 135-25,,AAN3-11,J11343,,,,
강서AB,아리움,구로구 가리봉동 133-38,,AETLT18-18,J10932,보드/회수현장,,,
강서AB,대성빌딩,구로구 개봉동 403-68,,AETLT18-24,J00537,보드,,,
강서AB,메인팰리스,구로구 개봉동 403-86,,AANT4-30,J11801,,,,
강서AB,힐파빌리온,구로구 오류동 9-9,,AANT-17,J11476,분리발주 /엔텍,,,
강서AB,케이티 생활관,구로구 오류동 55-5,,ACT7-84,J11195,,,,
강서AB,칸타빌라 9차,구로구 오류동 33-78,,AEBLT18-54/AEBLT19-56,J11857J1/J2,3월1일 만료,,,
강서AB,구로하나가드리움,구로구 구로동 186-17,,AETLT-18,롯데기공,,자사,,
강서AB,하나세인스톤3차오피스텔,구로구 구로동 46-4,,AETLT18-70,,수동비번-1425,자사,롯데,
강서AB,대우스위트휠,구로구 개봉동 306-53,,AANTT-11(혼합형),,엔텍/2021년1월25일,자사,태성,
강서AB,개봉 라움 ,구로구 개봉동 70-30,,AAN-14,,,자사,태성,엔텍
강서AB,파스텔,구로구 오류동 56-3,,AANCT3-23,J10197,,자사,,
강서AB,숲에리움 행복주택,구로구 오류동 359,,ACT4-72,,,자사,미래,엔텍
강서AB,구로와이즈,구로구 구로동 98-4,,ACT4-72,J10298,,자사,,
강서AB,종우빌딩,구로구 구로동 557-17,,AETLT18-19,J01064,,자사,,
강서B,호텔볼 (FM),강서구 화곡동 905-8,,AEBMT-48,J10294,E-650,,,
강서B,코마 빌딩 ,강서구 등촌동 683-1,,AETLT18-24,M14307,태창 리모델링/NT전기(RV-6),,,
강서B,디아인스,강서구 화곡동899-31/899-19,,ACTT6-54/AANT6-26,J11268/J11451,경인/엔텍,,,엔텍
강서B,화곡동 투웨니퍼스트,강서구 화곡동105-378,,AETLT09-34,J11318,보드,,,
강서B,오경아파트,강서구 화곡동 894-12,,AANCT2-12,J11460,분리발주,,,
강서B,강서1차크라운팰리스,강서구 화곡동 998-5,,AEBLT-62/AEBLT-64,J11522,,,,
강서B,강서2차크라운팰리스,강서구 화곡동1070-11,,AETLT18-48,J11729,,,,
강서B,웨인시티,강서구 화곡동24-42,,AANT4-30,J11763,분리/관리유기선(01029554481) ,,,
강서B,아덴하임,강서구 화곡동 24-92,,ACT7-49*2,J11620,,,,
강서B,삼보 빌딩,강서구 화곡동1116-3,,AEBMT09-34,J11827,,,미래,
강서B,화곡SJ라벨라,강서구 화곡동921-6,,AETLT18-52/AETLT18-40,J11955,11월14일 만료/미사용 현장,,미래,
강서B,더라우스나인 오피스텔,강서구 화곡동 923-5,,AANCT3-20,J11882,,,,
강서B,등촌 크라운팰리스1차/2차,강서구 등촌동 629-8,,AEBMT-36,J11166,보드,,,
강서B,상지원빌딩,강서구 등촌동 667-7,,AAN3-17,M18786,태성리모델링,,,
강서B,메종드NK,강서구 등촌동 649-13,,AEBLT18-32, J11839,,,,
강서B,더프라임,강서구 등촌동 649-12,,AETMT09-50,J11877,에이스주택-1월30일만료.연장협의/\600000,에이스,,
강서B,까사지오 ,강서구 등촌동 634,,AEBLT18-46, J11836,,,,
강서B,하바나빌딩,강서구 내발산동 6442,,AETLT-50,J10960,보드,,,
강서B,스타병원,강서구 내발산동 678-7,,AEBMT-30,J11269,보드,,,
강서B,SM파크뷰,강서구 내발산동678-30,,AANC2-18,J11622,분리발주,,,
강서B,호서빌딩,강서구 염창동 264-6,,AANT3-14,J10126,,,,
강서B,어반 한빛뉴스토리,강서구 염창동 266-12,,AEBLT-44*2,J11217,보드,,,
강서B,맥시하우스,강서구 염창동 241-11,,AEBMT-38,J11425,보드/화면-1425/보수-8864,,,
강서B,염창동 투웨니퍼스트,강서구 염창동 262,,AETLT-32*2,J11514,보드,,,
강서B,한강 투웨니퍼스트,강서구 염창동 261,,AEBLT18-44*2, J11889,,,,
강서B,대한항공,강서구 방화동 500-3,,APZ2-51,M13111,,,,
강서B,하이 골드빌,강서구 방화동 612-202,,AANCT3-23,J11556,(분리발주.엔텍 비번0),,,
강서B,가양동 글로벌퍼스트,강서구 가양동 448-11,,AETLT-38,J11297J1/J2,자동인식/싸이먼,,,
강서B,마곡보타닉투웨니퍼스트,강서구 가양동 257-1,,AETLT-50,J11651,,,,
강서B,베스트카운티,강서구 가양동 115-6,,ACT-76,J11616,분리발주/RF카드사용,,,
강서B,마곡 크리스아크 오피스텔,강서구 가양동 250-1,,AETLT18-38, J11733,,,,
강서B,선유도더블뷰투웨니퍼스트,영등포구 양평동 6가 94,,AETLT- 58,J11644,,,,
강서B,케이엠캐슬타운,영등포구 선유서로 26길 28,,,,결로 매우 심함,,동양기전,자사프로그램
강서B,보눔 하우스,강서구 화곡동 401-1,,AANC2-22,J11713,분리,자사,,
강서B,경동엠파이어,강서구 화곡동 1111-3,,AETLT18-64,J10401,E-650/싸이먼,자사,,
강서B,하나빌딩(교동짬뽕),강서구 화곡동1117-15,,AAN4-12,오티스,,자사,,
강서B,아줄리움 오피스텔,강서구 화곡동918-1,,AEBMT18-20,동양기전설치,,자사,,
강서B,해양빌딩,강서구 화곡동 901-16,,AETLT-34,,E-650,자사,,
강서B,화곡 동양 하우징,강서구 화곡동 899-4,,AANCT4-26,,비번-0312,자사,,
강서B,화곡동 파크아리온,강서구 화곡동 367-1,,AEBLT18-42,,태성/RV호출,자사,,
강서B,도레미 빌딩,강서구 염창동 260-15,,AETM-50,M13256,리모델링,자사,,
강서B,현진 파크뷰,강서구 염창동 252,,AETLT18-46,동양기전설치,에이스(RV12대),자사,,
강서B,월드에어파크뷰,강서구 등촌동 632-7,,AETLT-28,동양기전설치,에이스(무상),자사,,
강서B,등촌 동양하우징,강서구 등촌동 566-28,,ACTT3-59,,분리발주,자사,,
강서B,등촌투웨니퍼스트2차,강서구 등촌동 633-17,,AETLT18-34*2,,,자사,,
강서B,서강빌딩(석영),강서구 등촌2동 560-6,,AETLT18-18,,,자사,,
강서B,지엔 푸드(구.웰튼병원),강서구 내발산동 677,,AANT2-22,태성설치,,자사,,
강서B,우성 르보아,강서구 마곡동 793-6,,ACCT3-46,,CP내-사용설명서,자사,롯데기공,
강서B,밀레니엄프라자,양천구 신정동 323-17,,AAN2-14,오티스,2022년10월계약,자사,,
강서B,양지아파트,양천구 신정동 1148-9,,AETLT-18-36,오티스,,자사,,
강서B,목동파크아리온,양천구 목동 607-22,,AAN3-32,동양기전설치,,자사,,
강서B,유니아나,양천구 목동 907-18,,ACTT4-36,M,,자사,태성,
강서B,양천리버스타운,양천구 신월동 148-4,,MSE2D-28HIB,태성설치,하부턴/터치 비번-2580(3월변경),자사,,
강서B,골든캐슬,양천구 신월동 96-5,,AETLT-12,동양기전설치,정현 프로그램/전층 RV,자사,,
강서B,경원빌딩,양천구 목동 808-1,,AETLT1-19,J01113,외주/ NT,,,
강서B,힘찬병원,양천구 목동 404-3,,AETMT18-48,J00845,E-650,,,
강서B,쵸이랩,양천구 목동406-14,,ACT2-24, J11721,미래(릴형),,미래,
강서B,비지움,양천구 신정동 953-5,,AETLT-32,J01154,,,,
강서B,이펜하우스,양천구 신정동 783,,AETLT-40,J10337,외주/ NT,,,
강서B,목동제일여성병원,양천구 신정동 943-19,,AAN3-20,J11242,,,,
강서B,목동SJ라벨라 빌딩,양천구 신정동 323-6,,AETLT18-72,J11901,,,,
강서C,디에프 (FM),마포구 서교동 397-1,,AAN3-26,J10776,,,,
강서C, 초성 빌딩(FM),마포구 서교동 457-29,,ACTT-2-10, J11870,분리,,,
강서C,나비빌딩,마포구 서교동 367-5,,APZ4-26,J00836,미사용,,,
강서C,안고당,마포구 서교동 358-119,,AAN2-8,J00528,,,,
강서C,정명빌딩,마포구 서교동 364-26,,AEBMT18-18,J00817,E-650,,,
강서C,디자이너스,마포구 서교동 373-9,,ACT4-40,J10462,,,,
강서C,유남빌딩,마포구 서교동373-8,,ACTT3-F33, J11751,,,,
강서C,제우피스빌딩,마포구 서교동 395-15,,AANT3-14,J11180,하부턴테이블/경인/엔텍,,,
강서C,삼영무역,마포구 서교동 374-4,,AETLT09-30,M14934,에쿠스/RV2대,,,
강서C,금광빌딩,마포구 서교동 364-12,,AEBMT-19,J11635,(교환형)11월 LED교체,,,
강서C,신촌클리닉,마포구 신수동 66-2,,AETLT09-18,M01698,리모델링,,,
강서C,주하빌딩,마포구 신수동 34-20,,AANT2-10,J10180,,,,
강서C,아이스페이스,마포구 노고산동 57-46,,AEBMT18-36,J00606,E-600,,,
강서C,세진빌딩,마포구 합정동 366-3,,AAN2-12,J00737,,,,
강서C,송백빌딩,마포구 합정동 414-3,,AETLT09-18 x2,J10838,보드타입,,,
강서C,합정하이팍,마포구 합정동364-29,,AANT3-17,J11809,파프리카,,경인,
강서C,대성빌딩,마포구 공덕동 26-4,,AETMT18-42,J10910,E-650/ 보드타입,,,
강서C,TC5 하우징,마포구 연남동 247-7,,AANCT3-11, J11995,,,,
강서C,서교푸른숲,마포구 양화로11길 60,,AAN2-12,,타사설치/전기NT,자사,,
강서C,더 네스트,마포구 신공덕동 14-3,,AEBMT-59,J10268,싸이먼,자사,,
강서C,갑을명가,마포구 신공덕동 5-75/// 1-48,, ACT2-11/ACTT4-40,J10796/7,싸이먼,자사,,
강서C,미르빌딩,마포구 서교동395-179,,AAD3-14,롯데기공,무거운차량 입출고 에러 발생,ENK,롯데,자사
강서C,민족통일,영등포구 여의도동 13-24,,AANC4-22,J00547,,,,
강서C,V빌딩(구.신영빌딩별관),영등포구 여의도동 34-12,,ACT2-44/ACT2-22,M16716,,,,
강서C,DS라르오피스텔(대성),영등포구 여의도동 17-16,,ACTT4-F84-L2-L1, J11825,분리,,,
강서C,아인 (FM),용산구 원효로3가 277-36,,AAN-19,M12850,,,,
강서C,용성비즈텔,용산구 한강로2가 314-1,,ACT6-132,J00698,,,태창,엔텍
강서C,헤럴드,용산구 후암동 255-9,, AEBMT09-40,J10740,,,,
강서C,용산 센트렐포레,용산구 원효로2가 3-12,,AETLT18-64,J11916,,,,
강서C,현대하이엘 (FM),용산구 한강로2가 2-36,,ACT4-74,J00698,,자사,,
강서C,원효빌딩(리버스타),용산구 원효로4가 178-9,,AAN3-14,J10527,,자사,,
강서C,용산 큐브,용산구 문배동 24-4,,AETLT-78/ACTT3-40,J10465,외주/ NT,자사,,
강서C,용산 리브,용산구 문배동 10-3,,ACT5-50,롯데 제작,2017/7/1(2년계약),자사,,
강서C,영원무역만리동사옥,중구 만리동 2가 171,,AEBLT-32,J11435,보드,,,
강서C,서울역 디오빌,중구 만리동1가 62-7,,1호기 ACT2-32,,,자사,현대,
강서C,서울역 디오빌,중구 만리동1가 62-7,,2호기 ACT2-32,,,자사,태성,
강서C,호텔락,서대문구 창천동 20-37,,AAN-9,M12381,,,,
강서C,와이비엠,서대문구 창천동 29-75,,AEBMT09-42,J00873,외주,,,
강서C,엔트라리움 2,서대문구 대현동 101-11,,AEBLT18-74,J11785,(보드)20대사용 계약,,,
강서C,아리움1,서대문구 대현동 110-4,,AEBMT18-52,J11910,20대 사용 계약,,,
강서C,미래 씨티아이 (홍익사랑),서대문구 창천동 409 ,,AETL18-38 x2,,OTIS,자사(FM),OTIS,
강서C,명신,서대문구 창천동 57-20,,AMBL-26,,,자사,,
강서C,피델리아,서대문구 창천동 18-22,,ACTT3-27,J01044,,자사,,
강서C,SK브로드밴드사옥,서대문구 창천동 20-21,,경사PIT-6/단순2단체인,,명성호소장 010-3907-3131,태성,,
강서D,씨엔에스 (FM),영등포구 당산동 6가 346-2,,AETLT09-30,J10496,사용자비번-8800,,,
강서D,명지성모병원(FM),영등포구 대림동 709,,AETLT18-40,J11326,보드,,,
강서D,복지장례문화원,영등포구 대림동 706,,AETLT09-30,J11666,,,,
강서D,대림스마트건설빌딩,영등포구 대림동 1050-40,,AEBMT-46,J11638,,,,
강서D,88 월드타워,영등포구 대림동 706-1,,AETLT18-40,J11736,보드,,,
강서D,도림(청송) 빌딩,영등포구 도림동226-1,,AAN4-14,J01002,터치스크린함 비번 147,,,
강서D,하임오피스텔 2,영등포구 당산동 121-168,,AAN4-26,J10325,,,,
강서D,여의도 더 시그니엘,영등포동1가75-1,,AEBLT18-38,J11898,,,,
강서D,리버타워,영등포동2가 94-119,,AETLT18-34,M13100,리모델링,,,
강서D,현대팰리스,영등포동2가 28-138,,AANC2-16,M13786,보수 영업,,,
강서D,리치팰리스,영등포동2가 94-307,,AANCT4-30,J11886,,,,
강서D,필링크,영등포동3가 1,,ABLT-30,J10104,외주/ NT,,,
강서D,여의시티파크 A/ B동,영등포동3가 24-8,,AAN7-30*2,J11546/J11547,,,,
강서D,현대카드(영등포),영등포동4가 150,,ACT3-48,M17108,엔텍,,,
강서D,지울 빌딩,영등포동4가117-5,,AEBLT18-14,J11013,보드,,,
강서D,영등포디타워,영등포동4가 117-1,,AETLT18-26,J11767,,,,
강서D,리저브오피스텔,영등포동6가 100,,AEBMT09-16,M14902,,,,
강서D,여의리버파크,영등포7가94-61,,ACTT3-24,J11581,분리발주,,,
강서D,어울린(쉐어하우스),영등포구 양동2가6-2,,AETMT09-30,J11650,파프리카/전층RV,,,
강서D,파라다이스 뷰 ,영등포구 양동 3가 33-18,,AETMT18-14,J11747,보드,,,
강서D,양평한빛뉴스토리,영등포구 양평동5가 28,,AETMT18-36,J11642,보드,,,
강서D,풍전빌딩,영등포구 양동5가 20-3,,AANC3-14,J10661,,,,
강서D,당신의파트너,영등포구 양동6가 93-1,,AEBLT09-18,J11319,전층 RV. 외장-건축,,,
강서D,선유도더블파크투웨니퍼스트,영등포구 양동6가 94,,AETLT- 58,J11644,,,,
강서D,케이플러스,영등포구 문래동4가 10-4,,AAN3-8,J10148,,,,
강서D,문래 크라운팰리스,영등포구 문래동6가 34-1,,AETLT18-40,J11416,뉴엔지어링설치/보드,,,
강서D,문래 투웨니퍼스트,영등포구 문래동6가 29-1,,AETLT18-38,J11415,보드,,,
강서D,미라클시티오피스텔,영등포구 당산동2가 12-2,,AEBLT18-46, J11848,,,,
강서D,영등포리버빌오피스텔,영등포구 당산동6가347-6,,AETLT09-26, J11921,,,,
강서D,티타워,영등포구 신길동 101-7,,AETLT18-22,J00448,E-600,,,
강서D,프리가,영등포구 신길동 65-21,,AAN3-26,J10558,,,,
강서D,검지스캐슬,영등포구 신길동 69-28,,AEBMT18-32,J11698,보드,,,
강서D,한울 빌딩,영등포구 신길동160-37,,AEBLT18-30, J11773,파프리카(GA700),,,
강서D,보라매파크뷰,영등포구 신길동 4217,,ACT2-38,J10190,,,,
강서D,현대통신,영등포구 신길동 4273-12,,ACT5-45,J00900,,,,
강서D,오목교 투웨니퍼스트,영등포구 양평동2가 37-3,,AETLT18-48,J11191,보드/승용전용,자사,,
강서D,오목교디에이원파크,영등포구 양평동2가 43-11,,AETLT18-30,,경인/엔텍,자사,,
강서D,성광빌딩,영등포구 신도림동309-6,,AETLT18-52,,E-600,자사,,
강서D,세일빌딩,영등포구 신길동 103-10,,AETL-20,,전기-아이티에스,자사,,
강서D,에이앤디,영등포구 당산동6가 336-2,,AETLT18-30,J10015,E-650,자사,,
강서D,계룡오피스텔,영등포구 당산동121-162,,AAND2-10,타사,은성 오피스텔 옆,자사,,
강서D,조인 크로버,영등포구 당산동121-143,,MSM4R-30HIR,태성 ENG,에쿠스형 전단RV,자사,,
강서D,범영시티,영등포동2가 29-72,,SM2G-12HOC,태성 ENG,,자사,,
강서D,영등포오피스텔,영등포동2가 29-58,,SM3L-20HIR,태성 ENG,,자사,,
강서D,명화 오피스텔,영등포동2가 94-212,,SM2G-18HOC,태성 ENG,,자사,,
강서D,영등포다원(아크로조인),영등포동7가 94-299,,MSM4R-29HI,태성 ENG,,자사,,
강서D,미진오피스텔,영등포동7가 94-50,,ACT2-26,J11400,,자사,,
강서D,은석오피스텔,영등포동7가 94-57,,ACT5-64,J10070,,자사,,
강서D,유탑유블레스 대림,영등포구 대림동 1101-1,,ACT3-42,메닉스제작,파레트번호수정비번-21652165,ENK,메닉스,
강서D,유탑유블레스 당산,영등포구 당산동6가 336-4,,ACT3-24,롯데기공,,ENK,롯데,자사프로그램
강서D,진 아케이드 빌,영등포구 당산동 4가 32-78,,AANT3-26,오티스(엔텍),전층RV/ 도어비번 : 3812,ENK,오티스,엔텍
강서D,여의도의 아침,영등포구 영등포동 1가 29,,AANT2-14,메닉스제작,5호선 신길역3번출구쪽,ENK,메닉스,
이마트,정원오피스텔 (FM),은평구 신사동 21-12,,AETL-48,J00570,E-650,,,
이마트,내남빌딩,은평구 구산동 2-1,,AEBLT-32,J10101,외주,,,
이마트,유니온빌딩,은평구 대조동 198-4,,AETLT09-26,J00833,E-650,,,
이마트,디우아르떼빌A/B동,은평구 응암동323-8,,AETLT-26/AETLT-20,M13557,,,,
이마트,뉴월드애필리움,은평구 응암동 599-15,,AETLT-22,J11094,보드,,,
이마트,디우아르떼빌C동,은평구 응암동353-10,,AEBLT-34,M14458,,,,
이마트,디우아르떼 아파트,은평구 응암동 590-23,,AEBLT-36,M,동양기전(RV-16),,,
이마트,거장메카,은평구 역촌동 42-8,,AEBLT-30,M14428,경인/NT/,,,
이마트,리젠트,은평구 역촌동 36-17,,AETLT18-24, J11834,,,,
이마트,아임시티(다온렉스빌),은평구 녹번동160-18,,AEBMT18-17, J11821,보드타입 관리사 -위드,,,
이마트,봉암빌딩,은평구 녹번동 83-22,,AAN3-26,J01075,,,,
이마트,대일빌딩,은평구 녹번동 12-3,,AETLT-29,M13751,리모델링/ NT,,,
이마트,복지법인인덕원,은평구 진관동 산 104-8,,ACT2-40,J10928,,,,
이마트,더클래스,은평구 불광동13-17,,,J11516,관리사 -위드,,,
이마트,더팰리스,,,,J11689,,,,
이마트,메트로타워 (FM),은평구 음암동 600-9,,ACTT3-27,,,자사,,
이마트,N-CITY,은평구 음암동 96-19,,MSE2R-20HID,,태성 설치,자사,,
이마트,디우아르떼빌D동,은평구 음암동354-3,,AEBLT-26,,,자사,오티스,
이마트,라익빌딩,은평구 음암동 93-34,,,,,자사,롯데,
이마트,아우르미 오피스텔,은평구 음암동 125-11,,포크 22대,,,자사,오티스,
이마트,아이안빌(FM),은평구 대조동 4-18,,AANT4-18,J10423,,자사,,
이마트,미래하임,은평구 대조동 6-17,,AANT4-18,J10424,,자사,,
이마트,M.K 뷰,은평구 대조동 15-127,,AEBLT-32,,,자사,동양기전,탑텍
이마트,유진아이디움,은평구 대조동197-1,,ACCT3-54,J11558,미래,자사,,
이마트,이룸스페이스,은평구 증산동 163-10,,AETLT-18,M,,자사,,
이마트,마하나임,은평구 불광동 484-64,,AEBLT-36,,21-Nov,자사,동양기전,탑텍
이마트,서울여자간호대학,서대문구 홍은동 287-89,,AETMT18-19,J00897,E-650,자사,,
이마트,웨스트게이트,서대문구 충정로 70,,ACT2-36,,NPT코리아,자사,삼중,엔테크
이마트,서서울 농협,마포구 상암동1613,,AETLT-48/AAN3-32,M12834,,,,
이마트,효인빌딩,마포구 상암동4-2,,AETMT-16,J11098,보드 타입,,,
이마트,더퍼스트지더올림OT,마포구 성산동 591-6,,ACTT3-69,J11325,경인/30대 사용,자사,,
이마트,디지털프라자 [FM],고양시 일산서구 대화동 2206-2,,AETLT18-30,M12391,,,태창,엔텍
이마트,굿닥터스 빌딩,파주시 금촌동989-5,,AANT4-30,,AS 동방EL 031-942-3616,자사,,
이마트,파주디베뉴스타,파주시 야당동1044-2,,,,AS 동방EL 031-942-3616,자사,태성,
백화점,S. I 팰리스,강동구 천호동 163-15,,AEBLT18-50,,탑텍-전기/사용자비번-1004/프리셀,자사,동양기전,탑텍
백화점,성우스타팰리스4차,강동구 천호동 163-30,,AEBLT18-26,,2023년2월,자사,GYG(동원산전),탑텍
백화점,DYD오피스텔,강동구 천호동 191-22,,AEBLT18-26,,,자사,,
백화점,도고하임,강동구 길동 413 - 54,,AEBLT18-60,,,자사,,
백화점,벨솔레 오피스텔,강동구 방이동 41-8,,ACT4-116,,,자사,GYG(동원산전),자사프로그램
강원,현진빌딩,강릉시 솔올로 25,,AETLT09-40,J10452,싸이먼,,,
강원,빈폴타워,강릉시 금성로 62,,AETLT18-50,,,,,
강원,강릉동아프라자,강릉시 경강로 2110,,AETLT09-50*2,,,,,
강원,동아호텔,강릉시 경강로 2080,,AETLT18-30*2,,,,,
강원,주니어타운,강릉시 정원로 54,,AEBLT18-40,,,,,
강원,샘터 빌딩,강릉시 경강로 2062,,AETLT18-14,J10778,싸이먼,,,
강원,호텔더홍씨,강릉시 교동광장로 100번길 8,,AEBMT09-32,,,,,
강원,아모리움 14,강릉시 경강로 2326번길 10,,1호기:ACT-4-48,,,자사,,
강원,아모리움 14,강릉시 경강로 2326번길 10,,2호기:AEBMT18-68,J11257,싸이먼,자사,,
강원,아모리움 14,강릉시 경강로 2326번길 10,,3호기:ACT-4-48,,,,,
강원,파인시티호텔,강릉시 옥천로 62번길 13,,AETLT18-26,,,,,
강원,우리빌딩,강릉시 교동광장로 100번길 17-3,,AMR-14,,,,,
강원,성웅빌딩,강릉시 강릉대로 133,,AMR-14,,,,,
실패현장,유천푸르벨라2차,강릉시 선수촌로 63번길 18-15,,ACT18-4-55,,,계약해지,동양기전,자사프로그램
강원,유천푸르벨라1차,강릉시 선수촌로 64-18,,ACT09-4-76,,,자사,동양기전,
강원,프리마모텔,강릉시 하평1길 16-5,,AETLT18-30,,운휴 매달 점검,자사,,
강원,오아시스 빌딩,강릉시 솔올로 5번길 53,,다층 2단,,운휴 3달 점검,자사,,
강원,엘림빌딩,강릉시 솔올로 5번길 40,,퍼즐 3단,,운휴 매달 점검,자사,,
강원,올림피아 오피스텔,강릉시 사임당로 180 (유천동),,ACT-4-44 (횡식),,,자사,메닉스,
강원,올림피아 오피스텔,강릉시 사임당로 181 (유천동),,ACT-4-112(종식),,,자사,메닉스,
강원,반트헬스클럽,강릉시 솔올로5번길33,,다층3단직승입식X2,,,,,
강원,이끌린 스테이 오피스텔,원주시 천사로 10 (단계동 1115-2),,승강기식(포크타입),,오텍,,,
강원,KT학성빌딩,원주시 중앙로 189 (학성동),,AETLT-18-26,,E650,,,
강원,성지병원,원주시 원일로 22,,AETLT-09-26 승용,,,자사,,
강원,성지병원,원주시 원일로 22,,AETLT-09-20 RV,,,자사,,
강원,성지병원,원주시 원일로 22,,AEBMT09-26 RV,,22.8.1부 계약완료,자사,,
강원,두진 하트리움,원주시 천사로 189,,AEBLT-18-58,,운휴(3개월 1회 점검),자사,,
강원,아트스페이스(메가박스),원주시 서원대로 165-3,,AETLT-18-30-2,,,자사,,
강원,아트스페이스(메가박스),원주시 서원대로 165-3,,AETLT-18-30-1,,,자사,,
강원,경남빌딩,원주시 만대로 53,,다층 3단(직승입),,운휴(3개월 1회 점검),자사,,
강원,JD스퀘어,원주시 지정면 무릉로 15,,다층 3단(직승입),,운휴(3개월 1회 점검),자사,,
강원,삼성빌딩,원주시 장미공원길 43-10,,AEBLT18-16,,운휴(3개월 1회 점검),자사,,
강원,성지의료재단,원주시 원일로 2,,AEBMT18-50,,,자사,,
강원,두손빌딩,원주시 봉화로 12,,다층 3단(상부승입식),,22-10-1 운휴계약,자사,,
강원,케이앤제이빌딩,원주시 북원로 2235-8,,다층 2단(직접승입식),,운휴(3개월 1회 점검),자사,,
강원,정인빌딩,원주시 서원대로 180,,다층 2단,,,계약해지,,
강원,영플라자,태백시 황지로 171,,AETLT18-22,J00758,,,,
강원,보성빌딩,태백시 번영로 347,,승강기식(포크타입),,,자사,,
강원,카스텔로호텔,태백시 연지로 6,,AETLT18-40,,,자사,,
강원,속초교동블루핀아파트,속초시 교동로1길 17,,,,자동교환형 66대형 3기,자사,메닉스,자사프로그램
나라,잠실아레나,송파구 백제고분로21길 7,,다층(상부턴),,,자사,롯데,자사프로그램
나라,H&S타워,강남구 선릉로 703,,다층,,,자사,롯데,자사프로그램
검사대행,영풍오피스텔,영등포구 버드나루로17길 10,,,,검사대행,,,
검사대행,와우쇼핑몰,노원구 노해로 507,,,,검사대행,,,
,우장산 투웨니퍼스트,강서구 화곡동 72-3외2필지,,AETLT-54,J11222,싸이먼,,,
,CS TOWER,의정부시 녹양동 412-6,,AEBLT-38,J10404J01,싸이먼,,,
미계약,코키아빌딩(파주운정),파주시 목동동 937-1,,ACTT3-F60-L2,J11770,분리-2021년6월24일 QC,,,
미계약,장한평 휴락 파크뷰,성동구 용답동 238-5,,AEBLT09-60*2,J11826,SH매각-2021년10월26일 QC,,,
미계약,리치스페이스,은평구 응암동 116-12 (응암로 299),,AEBMT18-32,J11835,보드 -2021년10월27일 QC,,,
실패현장,한빛뉴스토리(FM),강서구 등촌동 683-1,,,,관리사건으로해지(보성),,,
실패현장,의정부공간라움,의정부시 의정부동 98-4,,,,관리사건으로해지(삼우),,,
실패현장,순영타워,의정부시 의정부동136-1,,,,관리사건으로해지(삼우),,,
실패현장,동도센트리움,강서구 화곡동 310-2,,,,관리사건으로 해지,,,
실패현장,P-타워,성동구 성수동2가 325-17,,,,엘리베이터건으로 본사 해지,,,
실패현장,구로파크빌,구로구 구로동 108,,,,미사용으로 현장 해지,,,
실패현장,올림피아(경남빌딩),서대문구 창천동 53-3,,AMBL-15,J00296,계약중지현장,,,
실패현장,제네스타워,강북구 수유동 48-1,,AEBLT-64,J10270,싸이먼/탑원,,,
실패현장,시흥와이즈,금천구 시흥동 882-61,,ACT7-98,J10427,,,,
실패현장,다솜시티빌,관악구 신림동 1418-28,,AANCT4-22, J11895,전환 실패,,,
실패현장,솔렌시아 6,동대문구 장안동 432-12,,AANCT3-26,J11816,"전환실패,엘지파킹",,,
실패현장,아리움2,서대문구 대현동 110-10,,AEBMT18-56, J11860,"2021년3월12일 만료, 미사용",,,
실패현장,원흥퍼스트푸르지오,고양시 덕양구 도내동 950 ,,ACTT3-111-L2, J11711,분리/태민엔지어링,,,
실패현장,수유 어반빌리움,강북구 수유동 92-6,,AEBMT18-74*2, J11787,신우 유비코스,,,
실패현장,리버팰리스,홍 천,,, J11807,11월08일 QC,,,
실패현장,춘천프라자약국,춘 천,,, J11846,무상 만료,,,
실패현장,금강리빙스텔,중랑구 신내동 646,,APZ,,10월30일 만료,,,
실패현장,청운빌딩,중구 신당동 290-50,,,,4월 25일  해지.리모델링,,,
실패현장,씨모어주상복합,용산구 원효로 2가 92-2,,ACTT2-27,J11871,11월21일 만료.저가실패,,,
실패현장,아이안아파트,은평구 대조동 9-25,,AAD5-18,J10572,2022년9월해지/보영파킹,,,
실패현장,메리골드,마포구 서교동 371-10,,AETLT18-52 x2,,,,,
실패현장,시흥와이즈,금천구 시흥동 882-61,,ACT7-98,J10427,,,,
실패현장,글로리아타워,동대문구 신설동 98-30,,AETMT18-58,J11433,새성파킹,,,
실패현장,메종드로제,강서구 화곡동926-3,,ACTT4-40,J11517,새성파킹,,미래,
실패현장,웨스트원 OT,은평구 응암동109-2,,AETLT18-32,J11705,보드-새성파킹,,,
실패현장,리오팰리스,영등포구 당산동 6가 121-81,,ACT4-44,J10760,새성파킹,,,
실패현장,아지오피스텔,광진구 중곡동 648-14,,AEBMT18-48,J10788,싸이먼-새성파킹,,,
실패현장,문래 어반하우스,영등포구 문래동3가 82-17,,AETLT18-20,J11314,새성파킹,,,
실패현장,양평 어반스테이,영등포구 양평동2가22-7,,AETLT18-16,M17672,전층RV-새성파킹,,,
실패현장,제중요양병원,구로구 구로동 산1-3,,ACTT3-57,J11273,RV호출형-2018년 1월/지엘,,,
실패현장,GM VALLEY,강서구 화곡동 899-27,,AANT4-34,J11198,그랜져-2017-09-01/승우엘리텍/보성,,미래,ITS
실패현장,글로벌MJ오피스텔(화곡),강서구 화곡동981-3,,AEBMT-32,J11681,보드-11월26일 만료 승우엘리텍,,,
실패현장,화곡동 레몬트리,강서구 화곡동24-62,,AANC4-26,J11626,에쿠스-승우엘리텍,,,
실패현장,글로벌MJ (영등포),영등포구 영등포동4가147-5,,AANT4-18,J11670,2021년1월29일 만료승우엘리텍,,,
실패현장,거마GM밸리,강서구 등촌동 656-17,,AANCT7-30,M15006,2019년7월29일만료/승우엘리텍/대덕,,태창,
실패현장,엔에스파크,강서구 화곡동 1076-9,,AANCT3-26,J11312,2018년 2월/태민엔지어링,,,
실패현장,모나리자재활병원,강서구 염창동252-15,,ACT2-22,J11536,태민엔지어링,,,엔텍
실패현장,중구복지센터,중구 신당2동 160-23,,AMTLT18-39x2,M11711,엘지파킹.입찰,,,
실패현장,라르 플레이스,도봉구 창동 749-15,,AETMT18-56*2,J11528,싸이먼/엘지파킹시스템-삼우,,,
실패현장,자양오피스텔,광진구 자양동 767-4,,AETM-56,J00466,E-600/엘지파킹,,,
실패현장,논현빌딩,강남구 삼성동 4가 336,,AAN4-30,J00947,2007-11-01 해지,,,
실패현장,P-TOWER,성동구 성수동2가 325-17,,AANT2-12,J11066,2021년7월30해지,,경신-대성,
실패현장,신영 O/P,서대문구 홍은동 427,,AETLT-38,J10367,타사,,,
실패현장,자전거주차장,영등포구 영등포역 4번 출구,,ABCT8-144,M12571,타사,,,
실패현장,해운 빌딩,영등포구 여의도동 14-34,,AEBMT09-50,M,타사,,,
실패현장,세기프라자,동대문구 답십리동 198- 8,,ACTT-20,,2021년4월30일 해지,,,
실패현장,라코지스테이(가족호텔),중랑구 상봉동 128-40,,AAN4-14,J11474,타사,,뉴엔지어링,
실패현장,힐링하임,관악구 봉천동 43-4,,APZ3-5 ,J10951,2021.8.31 해지,,,
실패현장,에이스테크노타워,영등포구 양평동3가 40-2,,AEBMT18-38,M18290,9월22일 만료/ 태민,,태창,
실패현장,동진 빌딩,관악구 봉천동 32-8,,ACTT4-80,M,11월 3일 만료 영원오토,,태성,
실패현장,마곡JM팰리스,강서구 방화동 274-2,,,,,,,
실패현장,청파오피스텔(다올),용산구 청파동 3가 80-6,,AEBMT-16/AEBM-76,J11565J2/J1,보성쓰리엠,,미래,
실패현장,다올노블리움(신촌),마포구 노고산동 1-25,,AANT4-34,J11049,보성쓰리엠,,,
실패현장,남광하이빌,성북구 하월곡동 90-120,,AAN4-22,J10984,2016-06-01/AJ매닉스,,,
실패현장,청솔아파트 B동,동대문구 장안동 3372-16,,AAND4-22,,AJ매닉스,,,
실패현장,청솔아파트 A동,동대문구 장안동 372-9,,AAND4-14,J10803,탑원엔지어링,,,
실패현장,장안 아르떼하임,동대문구 장안동 372-12,,AANCT-34,J11495,탑원엔지어링,,,
실패현장,샤론인텔리안,동대문구 장안동 417-2,,AANCT3-20,J10980,탑원엔지어링,,,
실패현장,혜민병원,광진구 자양동 627-3,,AETMT18-30,J01051,보영 파킹,,,
실패현장,수성 렉스빌,성북구 정릉동 147-4,,AEBMT18-16,J11792,2021년8월14일 만료/금강 중공업,,경인,
실패현장,솔하임 2차,종로구 숭인동 296-19,,AANT6-32,경인설치,인정피에스2021.6.30해지,,,
실패현장,SOL,성동구 성수동 656-1572,,AETLT-38,J01212,보드-2017-01-01/인정피에스,,,
실패현장,정림빌딩,종로구 율곡로214,,타워/카트혼합형, J11891,2021년8월23일/태창AS,,태창,
실패현장,S타워 오피스텔,관악구 봉천동 1658-16,,ACTT5-S45,J11557,서울파킹시스템,,미래,
실패현장,개봉대림프라자,구로구 개봉동156-18,,AEBMT18-30,M17745,서울파킹시스템,,태창,
실패현장,한빛뉴스토리,강서구 등촌동 656-37,,AEBLT-58,J11163,2017-08-01/반도이피에스,,반도,
실패현장,세림프라미스,금천구 가산동 140-15,,AANT4-26,J11603,2022년8월 /신명 오토,,,
미사용현장,상원빌딩,중랑구 상봉동 118,APZ4-13,M18017,2020년12월7일 인수이계,,,
미사용현장,드어반트라움,구로구 고척동 137-15,,AEBLT18-40,J11696,보드-3월8일 만료,,보드,
미사용현장,국민대제로원디자인센터,종로구 동숭동 1-1,,AANT2-18, J11839,3월19일 만료,,경인,
미사용현장,아이엠센터,강서구 등촌동 636-44,,AEBLT-40,J11585,보드-2020년4월10일 QC/미사용,,보드,
미사용현장,가산 대우푸르지오시티,금천구 가산동 233-5,,ACCT5-180*2,J11611,2020년11월14일 만료/미사용,,분리,
미사용현장,이우요양병원,은평구 불광동 221-57,,APZ2-7,J11667,"2020년1월15일QC/미사용",,,
미사용현장,리치스페이스(갈현동),은평구 연서로27길 8-10,,AETLT18-22,J11683,보드/전층RV 2020년2월27일Qc/LH매각,,보드.전층RV,
미사용현장,야당동헤리움,파주시야당동 1050 (경의로 1030),,ACT3-123,J11503,2019년12월23일 만료/미사용,,,
미사용현장,까뮤이스테이트,고양시 일산서구 탄현동 173-4,,ACT3-39,J11432,2020년2월20일 만료/미사용,,일산,
미사용현장,서울현대교육재단,구로구 구로동 615-4,,ACT2-26,J11447,2019년무상만료,,,
미사용현장,목동메디칼센타,양천구 신정동 1268   ,,ACTT2-28 ,J11420,2018년8월13일QC/에쿠스RV,,,
미사용현장,장충교회,중구 장충동1가 115-1,,ACT5-40,J10143,미계약,,,